,0,1,2,3,4,5,6,7,8,9,10,11,12,13,14,15,16,17,18,19,20,21,22,23,24,25,26,27,28,29,30,31,32,33,34,35,36,37,38,39,40,41,42,43,44,45,46,47,48,49,50,51,52,53,54,55,56,57,58,59,60,61,62,63,64,65,66,67,68,69,70,71,72,73,74,75,76,77,78,79,80,81,82,83,84,85,86,87,88,89,90,91,92,93,94,95,96,97,98,99,100,101,102,103,104,105,106,107,108,109,110,111,112,113,114,115,116,117,118,119,120,121,122,123,124,125,126,127,128,129,130,131,132,133,134,135,136,137,138,139,140,141,142,143,144,145,146,147,148,149,150,151,152,153
0,0.0,0.0,0.021386938,0.009844402,-0.13078538,0.09727938,-0.071412556,0.0,0.045346167,0.0,0.08521642,0.0,0.28535432,-0.012701293,-0.044936877,0.0,-0.11192756,0.07848278,-0.11398657,-0.052011617,0.0,0.0,0.0,-0.18590207,0.0,0.0,0.0,0.0,0.49124393,0.0,0.0,0.25825346,0.049402848,0.0,0.0,0.3606425,0.0,0.02689648,0.0,0.0,0.0,0.0,0.0,0.0,0.0,0.0,0.0,0.26173908,-0.0462033,0.039844625,0.0,0.08567946,0.0,0.19827452,0.0,-0.008372035,0.042594925,0.0,-0.016614547,0.0,0.0,0.027699549,-0.024614565,0.0,0.0,0.019066347,-0.017223308,0.0,0.0,0.0,-0.059915386,0.0,-0.09829865,0.0,0.046269957,-0.051379718,0.0,0.0,0.0,0.0,0.04032056,0.0,0.053381518,0.0,0.0,-0.010868829,0.0,0.041677948,0.07250933,0.0,-0.042863864,0.0,0.0,0.0,0.013968397,0.0,0.0,0.0,0.0,-0.09717355,-0.07426234,-0.0005523339,0.0,0.0,-0.039516088,0.0,-0.035467975,-0.014496357,-0.05672152,-0.1259893,0.576983,0.076559454,0.13690507,0.06595004,0.0,0.0,-0.2080447,0.09420879,0.19541132,-0.38791418,0.0,-0.15231717,-0.056927517,0.014592225,0.0,-0.33574778,0.3421081,-0.16866073,0.009967404,0.016856851,0.033624906,-0.12560269,0.09679861,0.36327273,0.045609504,-0.18457131,0.096164,0.051131576,0.0,0.0,-0.22789559,-0.08736521,0.0,-0.012836289,-0.22946237,0.0,0.0,0.0,-0.0038979463,0.0,-0.18935446,0.0,0.0,0.5669519
1,0.0,0.0,0.0121793095,0.038594875,-0.14771807,-0.005347767,-0.044409625,0.0,-0.1039431,0.0,0.27492422,0.0,0.30917376,0.055574987,0.043292742,0.0,0.20097324,-0.23834434,0.25284326,-0.015109865,0.0,0.0,0.0,0.364893,0.0,0.0,0.0,0.0,-0.433257,0.0,0.0,0.25825346,0.049402848,0.0,0.0,0.25042036,0.0,0.01146305,0.0,0.0,0.0,0.0,0.0,0.0,0.0,0.0,0.0,0.17200905,-0.009260571,0.039844625,0.0,-0.039388277,0.0,0.090807825,0.0,-0.02145584,0.042594925,0.0,-0.034141574,0.0,0.0,0.0057106144,0.036857888,0.0,0.0,0.06524938,-0.017223308,0.0,0.0,0.0,-0.11305106,0.0,-0.010988345,0.0,0.025684519,0.056888483,0.0,0.0,0.0,0.0,0.0144636845,0.0,0.018066732,0.0,0.0,0.015873771,0.0,0.056176446,0.07250933,0.0,0.06875784,0.0,0.0,0.0,0.13563162,0.0,0.0,0.0,0.0,0.021473302,-0.11984836,0.04043839,0.0,0.0,0.06948353,0.0,0.13617559,-0.027094543,0.02928197,0.015065774,-0.95718884,-0.03702119,-0.06284601,-0.013094235,0.0,0.0,-0.09452033,0.121447116,0.13979538,0.14741594,0.0,-0.10600631,0.12426603,0.014592225,0.0,0.06321528,0.52081364,-0.04314392,0.0061319354,0.056938633,0.024773939,0.120047495,0.06557862,0.3253802,-0.10987221,-0.029203162,-0.018561717,0.1617298,0.0,0.0,-0.2965286,0.10684116,0.0,-0.012836289,-0.018884368,0.0,0.0,0.0,-0.07341993,0.0,-0.06293879,0.0,0.0,0.5669519
2,0.0,0.0,-0.14856276,0.0055433256,0.09030448,-0.009055776,-0.071412556,0.0,0.015591465,0.0,0.061640967,0.0,0.10780517,-0.012701293,-0.15417364,0.0,-0.040621083,0.024648694,-0.29296106,-0.052011617,0.0,0.0,0.0,-0.12204424,0.0,0.0,0.0,0.0,-0.6523409,0.0,0.0,-0.2497667,-0.06465246,0.0,0.0,-0.25660315,0.0,0.02689648,0.0,0.0,0.0,0.0,0.0,0.0,0.0,0.0,0.0,0.15455483,-0.015515899,0.007479982,0.0,-0.15416662,0.0,-0.38153136,0.0,-0.008372035,-0.07272597,0.0,-0.06418449,0.0,0.0,0.009373786,0.004162727,0.0,0.0,0.011429448,-0.00975492,0.0,0.0,0.0,-0.044629138,0.0,0.12865704,0.0,0.051925022,-0.017182838,0.0,0.0,0.0,0.0,0.010403111,0.0,0.03230177,0.0,0.0,-0.0062814346,0.0,0.056176446,-0.10041997,0.0,-0.042863864,0.0,0.0,0.0,0.013968397,0.0,0.0,0.0,0.0,0.001646962,-0.08205475,-0.0005523339,0.0,0.0,-0.0074369833,0.0,-0.035467975,-0.027094543,0.054044258,0.016114326,0.32049382,0.039787903,0.039481044,0.09233527,0.0,0.0,-0.32737544,0.0428231,-0.2136164,0.18111277,0.0,0.15084587,-0.10812917,0.014592225,0.0,0.24737242,0.5616092,-0.06071511,0.009967404,0.016856851,0.025645982,-0.12560269,-0.27318513,0.27952728,-0.043221246,-0.047138534,0.057736587,0.0037939642,0.0,0.0,0.46642277,0.08169627,0.0,-0.027538918,-0.15085083,0.0,0.0,0.0,-0.13510028,0.0,-0.13522497,0.0,0.0,0.5669519
3,0.0,0.0,0.0121793095,0.011570209,-0.18877071,0.022389263,-0.071412556,0.0,-0.06943418,0.0,-0.07523938,0.0,-0.27779767,0.010778653,-0.0037588961,0.0,0.022060132,-0.082557105,-0.20461757,0.017387925,0.0,0.0,0.0,0.31414142,0.0,0.0,0.0,0.0,-0.5096053,0.0,0.0,0.116543904,0.019549618,0.0,0.0,-0.29274705,0.0,-0.053035885,0.0,0.0,0.0,0.0,0.0,0.0,0.0,0.0,0.0,0.021847822,-0.012734933,-0.06735773,0.0,0.08567946,0.0,0.09902871,0.0,0.16763674,-0.07272597,0.0,-0.06418449,0.0,0.0,0.00406475,0.03642692,0.0,0.0,-0.14351927,-0.05594498,0.0,0.0,0.0,0.006033583,0.0,-0.09069895,0.0,-0.094602905,-0.014195999,0.0,0.0,0.0,0.0,0.0144636845,0.0,-0.021511868,0.0,0.0,0.015873771,0.0,0.05785448,0.037118025,0.0,0.06875784,0.0,0.0,0.0,-0.023799703,0.0,0.0,0.0,0.0,-0.0040611923,-0.17506693,0.012585288,0.0,0.0,-0.066081814,0.0,-0.06325636,-0.027094543,-0.05672152,0.015065774,-0.95175815,-0.03865048,-0.093676925,-0.1844708,0.0,0.0,-0.3252741,0.08924401,0.08938225,0.07805242,0.0,-0.10600631,-0.015878655,0.014592225,0.0,0.08250039,-0.9935838,0.037508495,0.009967404,-0.050453424,-0.034423925,0.05155354,0.031298652,0.36004376,-0.04912509,-0.08024569,0.027205246,0.1703797,0.0,0.0,0.3370262,0.10684116,0.0,-0.027538918,-0.20240851,0.0,0.0,0.0,-0.156274,0.0,-0.2466411,0.0,0.0,0.5669519
4,0.0,0.0,0.021386938,0.038594875,-0.1833606,-0.005347767,0.079732895,0.0,-0.06943418,0.0,-0.022571187,0.0,-0.18089743,0.004205814,0.09968971,0.0,0.18367541,0.11189036,0.29887074,-0.052011617,0.0,0.0,0.0,0.364893,0.0,0.0,0.0,0.0,-0.13425235,0.0,0.0,-0.14183396,0.019549618,0.0,0.0,-0.058347695,0.0,-0.053035885,0.0,0.0,0.0,0.0,0.0,0.0,0.0,0.0,0.0,0.13032827,-0.009260571,-0.06735773,0.0,-0.039388277,0.0,0.1915971,0.0,-0.014718313,-0.07272597,0.0,0.09121451,0.0,0.0,0.00406475,-0.00068065897,0.0,0.0,0.0913915,0.08379342,0.0,0.0,0.0,0.053876966,0.0,-0.011422746,0.0,0.046269957,0.056888483,0.0,0.0,0.0,0.0,-0.25914517,0.0,0.03230177,0.0,0.0,-0.010868829,0.0,0.050513666,0.037118025,0.0,0.06875784,0.0,0.0,0.0,0.11861199,0.0,0.0,0.0,0.0,-0.0040611923,-0.14260222,0.04043839,0.0,0.0,-0.21283874,0.0,-0.035467975,-0.027094543,-0.05672152,0.04286118,0.7983992,-0.04873648,0.039481044,0.07601683,0.0,0.0,-0.2818281,0.10823129,0.07974195,0.08581289,0.0,-0.10600631,-0.015878655,0.014592225,0.0,0.12804921,-1.0663073,0.07083568,0.009967404,0.016856851,0.024773939,-0.090215825,0.012436643,0.27355614,0.08333499,0.031654105,0.027205246,0.08154833,0.0,0.0,-0.163265,-0.08736521,0.0,0.08646572,0.2638252,0.0,0.0,0.0,0.054765284,0.0,-0.23299687,0.0,0.0,0.5669519
5,0.0,0.0,-0.027358592,-0.088704646,-0.4329859,-0.013510512,-0.071412556,0.0,0.0184694,0.0,-0.36535698,0.0,0.12514365,-0.012701293,-0.044936877,0.0,0.08697771,-0.06540001,0.1847887,-0.008606646,0.0,0.0,0.0,-0.10851558,0.0,0.0,0.0,0.0,0.19157425,0.0,0.0,0.18318272,0.049402848,0.0,0.0,0.30335543,0.0,0.01146305,0.0,0.0,0.0,0.0,0.0,0.0,0.0,0.0,0.0,0.19488415,0.23618233,-0.22194469,0.0,-0.039388277,0.0,0.22165784,0.0,-0.008372035,0.042594925,0.0,-0.011663932,0.0,0.0,0.011124702,0.036048077,0.0,0.0,0.03057088,-0.00975492,0.0,0.0,0.0,-0.016343132,0.0,-0.03537173,0.0,0.055555835,-0.026578402,0.0,0.0,0.0,0.0,0.04032056,0.0,0.053381518,0.0,0.0,-0.0062814346,0.0,0.023529008,0.02567125,0.0,-0.042863864,0.0,0.0,0.0,0.08523744,0.0,0.0,0.0,0.0,0.001646962,0.20608471,-0.04384187,0.0,0.0,-0.035931043,0.0,-0.0102291815,-0.014496357,0.02928197,0.04286118,0.56521106,0.08014198,0.06633882,0.068137154,0.0,0.0,0.097956285,0.115343004,-0.30464765,0.116067074,0.0,0.15084587,-0.10176681,0.06181705,0.0,-0.27210897,0.4144033,-0.1298294,0.0061319354,0.016856851,-0.0127909025,-0.013193909,0.12918463,0.43839282,-0.04912509,-0.15587114,-0.19920711,-0.33312067,0.0,0.0,0.32024854,0.06299465,0.0,-0.027538918,0.34038806,0.0,0.0,0.0,-0.18044814,0.0,0.019068234,0.0,0.0,0.5669519
6,0.0,0.0,0.021386938,-0.088704646,-0.15606478,-0.009055776,0.079732895,0.0,0.021720128,0.0,-0.0007480383,0.0,-0.27018416,0.004205814,0.09968971,0.0,0.023921508,0.09703621,-0.10190053,-0.052011617,0.0,0.0,0.0,0.26968774,0.0,0.0,0.0,0.0,0.46164584,0.0,0.0,0.15247756,0.019549618,0.0,0.0,-0.11468847,0.0,-0.053035885,0.0,0.0,0.0,0.0,0.0,0.0,0.0,0.0,0.0,0.05821555,-0.015515899,0.012092398,0.0,-0.054742027,0.0,0.22791097,0.0,0.036567155,0.042594925,0.0,-0.016614547,0.0,0.0,0.010898868,0.13218305,0.0,0.0,0.056713,-0.05594498,0.0,0.0,0.0,0.09234972,0.0,-0.019155161,0.0,0.025684519,-0.017182838,0.0,0.0,0.0,0.0,0.04032056,0.0,0.053381518,0.0,0.0,-0.010868829,0.0,-0.15076782,0.037118025,0.0,0.06875784,0.0,0.0,0.0,0.0020342115,0.0,0.0,0.0,0.0,-0.0040611923,-0.11797151,0.04064694,0.0,0.0,0.08152856,0.0,0.07635395,-0.027094543,-0.09383535,0.04286118,0.80680454,0.068067245,-0.017298056,-0.032733478,0.0,0.0,-0.18903668,0.1587297,0.07318617,0.13882014,0.0,-0.10600631,-0.35304135,0.014592225,0.0,0.17624491,-0.76494336,0.08380016,0.041288532,0.016856851,-0.039284285,-0.090215825,0.067256376,0.2805369,0.07113586,0.095063426,0.038068898,0.08154833,0.0,0.0,-0.11871162,0.03699253,0.0,-0.012836289,-0.40854803,0.0,0.0,0.0,0.05411399,0.0,0.5254129,0.0,0.0,0.5669519
7,0.0,0.0,-0.027358592,-0.01274052,0.21829003,-0.009055776,-0.071412556,0.0,0.045346167,0.0,0.08521642,0.0,-0.12863344,-0.012701293,-0.15417364,0.0,-0.04609916,0.008309752,-0.10190053,-0.052011617,0.0,0.0,0.0,-0.12824558,0.0,0.0,0.0,0.0,0.45541784,0.0,0.0,0.15247756,-0.06465246,0.0,0.0,-0.31865397,0.0,0.02689648,0.0,0.0,0.0,0.0,0.0,0.0,0.0,0.0,0.0,0.2289458,-0.015515899,0.012092398,0.0,-0.15416662,0.0,-0.029762737,0.0,-0.008372035,0.042594925,0.0,-0.016614547,0.0,0.0,0.027699549,0.008152191,0.0,0.0,0.008918454,-0.05594498,0.0,0.0,0.0,-0.18407694,0.0,0.25903067,0.0,0.0882304,-0.017182838,0.0,0.0,0.0,0.0,0.04032056,0.0,0.03230177,0.0,0.0,-0.010868829,0.0,-0.0593929,-0.035552755,0.0,-0.042863864,0.0,0.0,0.0,-0.058772538,0.0,0.0,0.0,0.0,0.001646962,0.2588931,-0.0005523339,0.0,0.0,-0.009127952,0.0,-0.0147363,-0.027094543,0.054044258,0.04286118,0.4863825,-0.039794534,-0.019408433,0.09130067,0.0,0.0,0.6536053,0.12302694,0.06768636,-0.19514388,0.0,0.15084587,-0.056927517,-0.08472777,0.0,0.25943568,0.05467311,-0.07248925,-0.047782615,0.016856851,0.00996563,-0.12560269,0.12465426,0.46974772,-0.010837767,-0.18457131,0.096164,0.0037939642,0.0,0.0,-0.17671372,0.02522693,0.0,0.08646572,0.042298064,0.0,0.0,0.0,0.030591149,0.0,-0.19260438,0.0,0.0,0.5669519
8,0.0,0.0,0.021386938,0.009844402,0.24712202,-0.009055776,0.079732895,0.0,-0.1039431,0.0,-0.021179395,0.0,-0.15042055,0.004205814,-0.082145855,0.0,-0.14725496,0.11189036,0.36748618,-0.052011617,0.0,0.0,0.0,-0.21104644,0.0,0.0,0.0,0.0,-0.21815574,0.0,0.0,-0.086706065,0.019549618,0.0,0.0,-0.288093,0.0,0.02689648,0.0,0.0,0.0,0.0,0.0,0.0,0.0,0.0,0.0,0.1376873,-0.015515899,0.012092398,0.0,-0.039388277,0.0,0.25139338,0.0,-0.014718313,0.042594925,0.0,-0.034141574,0.0,0.0,0.0057106144,-0.018302858,0.0,0.0,0.023541946,0.08379342,0.0,0.0,0.0,-0.007272307,0.0,-0.1020282,0.0,0.0882304,-0.017182838,0.0,0.0,0.0,0.0,-0.25914517,0.0,0.03230177,0.0,0.0,-0.010868829,0.0,0.07195525,0.017346999,0.0,-0.042863864,0.0,0.0,0.0,-0.023799703,0.0,0.0,0.0,0.0,-0.07059487,-0.13336533,0.012585288,0.0,0.0,-0.1293115,0.0,-0.020657929,-0.027094543,0.054044258,0.04286118,0.66984916,-0.15869687,-0.061700083,0.0734575,0.0,0.0,0.71225,0.057632633,0.07974195,-0.11289625,0.0,-0.15231717,-0.11308983,0.014592225,0.0,0.15920606,-0.56485,0.1106738,0.009967404,-0.014936885,-0.10143329,-0.12560269,0.017174378,-0.30808744,-0.07542122,-0.16076802,0.057736587,0.17452754,0.0,0.0,-0.18010744,-0.21040758,0.0,-0.027538918,-0.23622365,0.0,0.0,0.0,-0.0049464814,0.0,-0.26319695,0.0,0.0,0.5669519
9,0.0,0.0,0.021386938,-0.01274052,0.22863856,-0.005377412,-0.044409625,0.0,0.045346167,0.0,0.09427573,0.0,0.06008988,0.0103836,-0.028720224,0.0,-0.015005235,-0.101694204,0.0046469197,0.017387925,0.0,0.0,0.0,-0.12204424,0.0,0.0,0.0,0.0,0.4567796,0.0,0.0,0.18318272,-0.025584172,0.0,0.0,0.3210909,0.0,0.02689648,0.0,0.0,0.0,0.0,0.0,0.0,0.0,0.0,0.0,0.12245093,0.05574676,0.039844625,0.0,0.14725798,0.0,-0.53650916,0.0,-0.008372035,0.042594925,0.0,-0.016614547,0.0,0.0,0.027699549,0.0015861355,0.0,0.0,0.0108113475,-0.00975492,0.0,0.0,0.0,0.10874623,0.0,0.17034075,0.0,0.0882304,-0.010518147,0.0,0.0,0.0,0.0,0.02184398,0.0,0.053381518,0.0,0.0,-0.0062814346,0.0,0.056176446,-0.024024293,0.0,-0.042863864,0.0,0.0,0.0,-0.09014385,0.0,0.0,0.0,0.0,0.028225642,0.043721467,-0.088182904,0.0,0.0,-0.0074369833,0.0,-0.0147363,0.048803292,0.054044258,0.016114326,0.3279626,0.058592133,0.049440123,0.09233527,0.0,0.0,0.7085207,0.12642428,-0.30464765,-0.13941851,0.0,0.15084587,-0.056927517,-0.020000415,0.0,0.1657667,-0.3996892,0.0831078,0.041288532,0.016856851,0.025645982,0.08281824,0.058721524,0.51243925,-0.04912509,0.0356348,0.096164,0.19062963,0.0,0.0,0.31362173,0.12367469,0.0,-0.012836289,0.028503357,0.0,0.0,0.0,-0.07341993,0.0,0.3864838,0.0,0.0,0.5669519
10,0.0,0.0,0.021386938,-0.088704646,-0.1435296,-0.009055776,0.079732895,0.0,0.021720128,0.0,0.0800049,0.0,0.28535432,0.0103836,0.054534037,0.0,0.13662516,-0.023891434,-0.13780655,-0.052011617,0.0,0.0,0.0,0.26862976,0.0,0.0,0.0,0.0,0.3733485,0.0,0.0,0.06466075,0.049402848,0.0,0.0,0.20371257,0.0,0.01146305,0.0,0.0,0.0,0.0,0.0,0.0,0.0,0.0,0.0,0.1241199,-0.015515899,0.039844625,0.0,-0.054742027,0.0,0.3337194,0.0,-0.008372035,0.042594925,0.0,-0.016614547,0.0,0.0,0.010898868,0.043199003,0.0,0.0,0.03057088,-0.017223308,0.0,0.0,0.0,0.06282029,0.0,-0.03205865,0.0,0.046269957,-0.017182838,0.0,0.0,0.0,0.0,0.04032056,0.0,0.053381518,0.0,0.0,-0.010868829,0.0,-0.15076782,0.07250933,0.0,0.06875784,0.0,0.0,0.0,0.019053834,0.0,0.0,0.0,0.0,0.021473302,-0.11797151,0.04064694,0.0,0.0,0.08152856,0.0,0.07635395,-0.027094543,0.09032931,-0.047971997,0.59556973,-0.04873648,-0.017298056,0.07269603,0.0,0.0,-0.07469119,0.17303266,0.19541132,0.20195626,0.0,0.12495167,-0.35304135,0.014592225,0.0,0.09185219,0.48282167,0.07083568,0.041288532,0.016856851,0.01779934,-0.090215825,0.09679861,-0.34996617,0.055811886,0.2058231,-0.015344914,0.05619111,0.0,0.0,-0.10503939,0.03699253,0.0,-0.012836289,-0.40854803,0.0,0.0,0.0,0.10333875,0.0,0.30871952,0.0,0.0,0.5669519
11,0.0,0.0,0.0121793095,0.009844402,0.0850632,-0.009055776,0.050067652,0.0,0.045346167,0.0,-0.06735433,0.0,-0.1788223,-0.013184524,-0.05468308,0.0,-0.16112284,0.008309752,-0.10190053,-0.015109865,0.0,0.0,0.0,-0.21104644,0.0,0.0,0.0,0.0,0.6021297,0.0,0.0,-0.064460635,-0.06465246,0.0,0.0,-0.265706,0.0,0.02689648,0.0,0.0,0.0,0.0,0.0,0.0,0.0,0.0,0.0,0.25577813,-0.015515899,0.012092398,0.0,-0.054742027,0.0,-0.28021625,0.0,-0.067473926,0.042594925,0.0,-0.016614547,0.0,0.0,0.027699549,-0.06387737,0.0,0.0,0.019066347,0.08379342,0.0,0.0,0.0,0.073741265,0.0,-0.106397286,0.0,-0.105711706,-0.017182838,0.0,0.0,0.0,0.0,0.010117824,0.0,0.01333143,0.0,0.0,-0.040888947,0.0,-0.15076782,-0.10041997,0.0,-0.042863864,0.0,0.0,0.0,-0.023799703,0.0,0.0,0.0,0.0,-0.09717355,-0.23368481,0.012585288,0.0,0.0,0.03771237,0.0,0.07635395,-0.014496357,-0.05672152,0.008825448,-0.9314995,-0.10151318,0.08012598,0.040413525,0.0,0.0,-0.2758452,0.013952769,0.09945188,0.15967584,0.0,-0.15231717,0.18042834,0.014592225,0.0,0.13570872,0.28668413,-0.044341106,0.009967404,-0.050453424,-0.05252217,0.08878279,0.026816878,-0.18929228,-0.04503965,-0.1008426,0.096164,0.278394,0.0,0.0,-0.20720202,-0.07969547,0.0,-0.027538918,-0.44151533,0.0,0.0,0.0,-0.156274,0.0,-0.22406766,0.0,0.0,0.5669519
12,0.0,0.0,-0.027358592,0.038594875,-0.2002933,-0.013397079,-0.071412556,0.0,-0.3023077,0.0,0.06873201,0.0,0.28535432,-0.012701293,-0.041215956,0.0,0.07655431,-0.03387502,0.12648186,-0.008606646,0.0,0.0,0.0,-0.18590207,0.0,0.0,0.0,0.0,0.38255212,0.0,0.0,0.18318272,0.019549618,0.0,0.0,0.3703086,0.0,0.01146305,0.0,0.0,0.0,0.0,0.0,0.0,0.0,0.0,0.0,0.105575174,-0.022839587,0.039844625,0.0,-0.039388277,0.0,0.25775757,0.0,-0.008372035,0.042594925,0.0,-0.011663932,0.0,0.0,0.010870909,0.014755465,0.0,0.0,0.0913915,-0.017223308,0.0,0.0,0.0,-0.06761342,0.0,-0.010784375,0.0,0.046269957,0.23931022,0.0,0.0,0.0,0.0,0.04032056,0.0,-0.08613751,0.0,0.0,-0.010868829,0.0,0.023529008,0.037118025,0.0,0.06875784,0.0,0.0,0.0,0.08523744,0.0,0.0,0.0,0.0,-0.07059487,0.25952452,-0.04384187,0.0,0.0,0.08480566,0.0,-0.035467975,-0.027094543,-0.030544858,0.04286118,0.5647863,0.1096735,0.039481044,0.068137154,0.0,0.0,-0.19237374,0.18901332,0.15950531,0.13882014,0.0,-0.15231717,0.13524559,0.06181705,0.0,-0.26767257,-0.9032297,0.08380016,0.0061319354,-0.014936885,-0.009303026,0.13626318,0.1541965,0.43839282,-0.010837767,-0.08024569,-0.19920711,-0.21308884,0.0,0.0,0.4481035,-0.023363745,0.0,-0.027538918,-0.14193857,0.0,0.0,0.0,0.019227654,0.0,-0.077156395,0.0,0.0,0.5669519
13,0.0,0.0,-0.14856276,0.009844402,0.09030448,-0.013510512,-0.071412556,0.0,0.045346167,0.0,0.08521642,0.0,0.16477793,-0.012701293,-0.044936877,0.0,-0.06585018,-0.0442148,-0.13780655,-0.017780673,0.0,0.0,0.0,-0.13050197,0.0,0.0,0.0,0.0,0.410006,0.0,0.0,0.06466075,0.049402848,0.0,0.0,0.23089509,0.0,0.01146305,0.0,0.0,0.0,0.0,0.0,0.0,0.0,0.0,0.0,0.24383944,0.23618233,0.015494356,0.0,-0.054742027,0.0,0.3036418,0.0,-0.008372035,0.042594925,0.0,-0.016614547,0.0,0.0,0.027699549,0.030429654,0.0,0.0,0.019066347,0.025796771,0.0,0.0,0.0,0.1560862,0.0,-0.028905619,0.0,0.051925022,-0.026578402,0.0,0.0,0.0,0.0,0.014950359,0.0,0.053381518,0.0,0.0,-0.010868829,0.0,-0.04651595,0.07250933,0.0,0.06875784,0.0,0.0,0.0,-0.09522928,0.0,0.0,0.0,0.0,-0.0110860355,-0.093480945,-0.0005523339,0.0,0.0,-0.043106206,0.0,0.041423652,-0.014496357,0.054044258,-0.047971997,0.5852653,0.22070634,0.06723894,0.06374831,0.0,0.0,-0.3628872,0.03701572,0.17385632,-0.40892828,0.0,0.15084587,-0.07946865,0.014592225,0.0,-0.07627496,0.52124,0.14403722,0.009967404,-0.014936885,0.05627428,0.0347551,-0.5377921,-0.34996617,0.091032654,0.19250634,-0.19920711,-0.14056289,0.0,0.0,-0.10646039,0.043604784,0.0,-0.012836289,-0.25995812,0.0,0.0,0.0,-0.028072078,0.0,-0.12019971,0.0,0.0,0.5669519
14,0.0,0.0,-0.016920358,-0.022625906,0.18800628,0.013294974,-0.044409625,0.0,0.045346167,0.0,0.08521642,0.0,0.09813617,-0.012701293,-0.041215956,0.0,-0.11445085,0.046957783,-0.1591794,-0.015109865,0.0,0.0,0.0,-0.16236664,0.0,0.0,0.0,0.0,0.43235898,0.0,0.0,0.25825346,-0.06465246,0.0,0.0,0.2805962,0.0,0.02689648,0.0,0.0,0.0,0.0,0.0,0.0,0.0,0.0,0.0,0.20396934,0.045755077,0.015585612,0.0,0.08567946,0.0,0.15951817,0.0,-0.008372035,0.042594925,0.0,-0.016614547,0.0,0.0,0.027699549,-0.011273132,0.0,0.0,0.017604897,-0.00975492,0.0,0.0,0.0,-0.048873845,0.0,-0.15387827,0.0,-0.17702997,-0.009207169,0.0,0.0,0.0,0.0,0.016240334,0.0,0.053381518,0.0,0.0,-0.0062814346,0.0,-0.0593929,-0.024024293,0.0,-0.042863864,0.0,0.0,0.0,-0.09522928,0.0,0.0,0.0,0.0,0.001646962,0.1755706,-0.0005523339,0.0,0.0,-0.027292818,0.0,-0.0147363,-0.014496357,-0.05672152,-0.049363486,0.3295758,-0.10151318,0.0780156,0.04779184,0.0,0.0,0.60918456,-1.0916421,-0.3722413,-0.17504054,0.0,0.15084587,-0.056927517,-0.08472777,0.0,0.07922864,0.28425923,-0.12639654,0.009967404,-0.014936885,-0.048732404,0.120047495,0.058900528,0.43544477,-0.10987221,-0.005307231,0.096164,0.15217295,0.0,0.0,0.2511331,0.10041693,0.0,-0.012836289,0.34073082,0.0,0.0,0.0,-0.0492458,0.0,-0.16927667,0.0,0.0,0.5669519
15,0.0,0.0,-0.027358592,-0.01274052,-0.48556113,-0.013510512,-0.071412556,0.0,0.0184694,0.0,-0.36535698,0.0,0.12514365,-0.012701293,-0.041215956,0.0,-0.04023392,0.01001583,-0.019773714,0.059853226,0.0,0.0,0.0,-0.12824558,0.0,0.0,0.0,0.0,0.31957513,0.0,0.0,0.25825346,0.019549618,0.0,0.0,0.3916374,0.0,0.02689648,0.0,0.0,0.0,0.0,0.0,0.0,0.0,0.0,0.0,0.11460898,0.23618233,0.039844625,0.0,0.14725798,0.0,0.23437423,0.0,-0.008372035,0.042594925,0.0,-0.016614547,0.0,0.0,0.011124702,-0.013133483,0.0,0.0,0.0108113475,-0.00975492,0.0,0.0,0.0,-0.10326612,0.0,0.3650426,0.0,0.055555835,-0.026578402,0.0,0.0,0.0,0.0,0.04032056,0.0,0.053381518,0.0,0.0,-0.010868829,0.0,0.041677948,-0.024024293,0.0,-0.042863864,0.0,0.0,0.0,0.013968397,0.0,0.0,0.0,0.0,0.028225642,0.3362527,-0.0005523339,0.0,0.0,-0.039516088,0.0,0.031723686,-0.014496357,0.02928197,-0.1259893,0.5487882,-0.05367652,0.06591613,0.06595004,0.0,0.0,0.42894116,0.09227075,-0.30464765,-0.13941851,0.0,0.15084587,-0.079225674,0.06181705,0.0,-0.25466567,-0.6893455,0.101771764,0.0061319354,0.016856851,-0.017907295,-0.08346487,0.1541965,0.36327273,-0.10987221,-0.14889513,0.096164,0.051772665,0.0,0.0,-0.19361815,-0.012195347,0.0,-0.012836289,-0.22946237,0.0,0.0,0.0,-0.07341993,0.0,-0.13918483,0.0,0.0,0.5669519
16,0.0,0.0,0.0121793095,0.011570209,-0.15606478,-0.005347767,0.079732895,0.0,-0.06943418,0.0,0.1677662,0.0,0.30917376,0.055574987,0.015294106,0.0,0.08687916,-0.3037766,0.25284326,-0.052011617,0.0,0.0,0.0,0.31414142,0.0,0.0,0.0,0.0,-0.36466172,0.0,0.0,-0.23760784,0.019549618,0.0,0.0,0.24135643,0.0,-0.053035885,0.0,0.0,0.0,0.0,0.0,0.0,0.0,0.0,0.0,0.021829896,-0.009260571,0.039844625,0.0,-0.039388277,0.0,0.099754915,0.0,0.05330631,-0.07272597,0.0,-0.034141574,0.0,0.0,0.00406475,-0.0240215,0.0,0.0,-0.14351927,-0.017223308,0.0,0.0,0.0,-0.28332776,0.0,-0.053462792,0.0,0.025684519,0.056888483,0.0,0.0,0.0,0.0,-0.092959866,0.0,0.018066732,0.0,0.0,0.046570435,0.0,0.056176446,0.037118025,0.0,0.06875784,0.0,0.0,0.0,0.07288586,0.0,0.0,0.0,0.0,-0.0040611923,-0.15192895,0.047777753,0.0,0.0,0.06948353,0.0,0.13617559,-0.027094543,-0.030544858,0.015065774,-0.76615274,-0.04873648,-0.06284601,-0.013094235,0.0,0.0,-0.2565559,0.11711249,0.13979538,0.07805242,0.0,-0.10600631,-0.015878655,0.014592225,0.0,0.20151721,-0.8059226,0.037508495,0.015075817,0.056938633,-0.045947313,-0.12560269,0.053512987,0.14757259,0.2005294,0.095063426,0.027205246,0.06675345,0.0,0.0,-0.21663402,0.022364577,0.0,-0.012836289,-0.018884368,0.0,0.0,0.0,-0.0038979463,0.0,0.22983909,0.0,0.0,0.5669519
17,0.0,0.0,-0.027358592,-0.022625906,0.18800628,-0.009055776,-0.071412556,0.0,0.026139574,0.0,0.07361403,0.0,0.06008988,-0.012701293,-0.044936877,0.0,-0.023653785,0.046957783,-0.18299939,0.059853226,0.0,0.0,0.0,-0.10851558,0.0,0.0,0.0,0.0,0.36335438,0.0,0.0,0.18318272,-0.06465246,0.0,0.0,0.38791648,0.0,0.01146305,0.0,0.0,0.0,0.0,0.0,0.0,0.0,0.0,0.0,0.20145871,-0.015515899,0.039844625,0.0,-0.054742027,0.0,-0.13818273,0.0,-0.008372035,0.042594925,0.0,-0.016614547,0.0,0.0,-0.21467145,0.005060846,0.0,0.0,0.013129298,-0.00975492,0.0,0.0,0.0,-0.20594634,0.0,-0.032694664,0.0,-0.17702997,-0.017182838,0.0,0.0,0.0,0.0,0.04032056,0.0,0.053381518,0.0,0.0,-0.010868829,0.0,0.056176446,-0.035552755,0.0,-0.042863864,0.0,0.0,0.0,-0.09522928,0.0,0.0,0.0,0.0,0.001646962,0.22179459,-0.0005523339,0.0,0.0,-0.0074369833,0.0,-0.0147363,-0.014496357,-0.09383535,-0.1259893,0.46216723,0.22070634,0.0780156,0.060052767,0.0,0.0,0.5897829,0.11388835,-0.3722413,-0.19514388,0.0,0.15084587,-0.07530326,-0.08472777,0.0,0.28555188,0.08871989,0.1399288,0.009967404,0.016856851,-0.017043117,-0.08346487,0.1541965,0.41356945,0.07113586,0.16585326,0.019865703,0.07603653,0.0,0.0,-0.1344875,0.06232544,0.0,-0.012836289,-0.12876035,0.0,0.0,0.0,0.05411399,0.0,-0.2284421,0.0,0.0,0.5669519
18,0.0,0.0,0.021386938,0.038594875,-0.1833606,-0.039346546,0.079732895,0.0,-0.06943418,0.0,-0.022571187,0.0,-0.18851092,0.004205814,0.07035885,0.0,0.13057168,0.027911132,-0.3512679,-0.052011617,0.0,0.0,0.0,0.364893,0.0,0.0,0.0,0.0,-0.47021717,0.0,0.0,-0.2497667,0.019549618,0.0,0.0,-0.22308283,0.0,-0.053035885,0.0,0.0,0.0,0.0,0.0,0.0,0.0,0.0,0.0,0.039624505,-0.06573623,0.012092398,0.0,-0.054742027,0.0,0.12175314,0.0,-0.014718313,-0.07272597,0.0,-0.06418449,0.0,0.0,0.00406475,-0.00068065897,0.0,0.0,0.0913915,0.08379342,0.0,0.0,0.0,0.053876966,0.0,-0.0074624103,0.0,0.046269957,-0.072282284,0.0,0.0,0.0,0.0,-0.25914517,0.0,0.01333143,0.0,0.0,-0.040888947,0.0,0.023529008,0.037118025,0.0,0.06875784,0.0,0.0,0.0,-0.023799703,0.0,0.0,0.0,0.0,-0.0040611923,-0.17746116,0.012585288,0.0,0.0,0.040989473,0.0,0.07635395,-0.027094543,-0.05672152,0.04286118,-0.30178696,-0.026935194,-0.017298056,0.068137154,0.0,0.0,-0.23221509,0.13932325,0.07974195,0.08581289,0.0,-0.10600631,-0.015878655,0.014592225,0.0,-0.47193408,-1.0796556,-0.04314392,0.009967404,-0.050453424,0.073741,-0.090215825,0.017174378,0.14468445,-0.043221246,-0.13275708,0.027205246,0.0217428,0.0,0.0,-0.2067471,-0.1201731,0.0,-0.012836289,-0.1198481,0.0,0.0,0.0,-0.0038979463,0.0,-0.28482163,0.0,0.0,0.5669519
19,0.0,0.0,0.021386938,-0.022625906,0.097983554,0.022389263,0.050067652,0.0,0.009290205,0.0,-0.020957164,0.0,-0.20117037,0.004205814,-0.082145855,0.0,-0.019178186,0.003783429,-0.105132416,0.059853226,0.0,0.0,0.0,-0.13722226,0.0,0.0,0.0,0.0,0.33123657,0.0,0.0,-0.19596058,-0.025584172,0.0,0.0,-0.26879504,0.0,0.02689648,0.0,0.0,0.0,0.0,0.0,0.0,0.0,0.0,0.0,-0.47106707,-0.012734933,0.012092398,0.0,-0.054742027,0.0,-0.5032477,0.0,-0.014718313,0.042594925,0.0,-0.009941302,0.0,0.0,-0.048504762,-0.02930595,0.0,0.0,0.017604897,-0.05594498,0.0,0.0,0.0,-0.007533537,0.0,-0.033384476,0.0,-0.06328967,-0.014195999,0.0,0.0,0.0,0.0,0.02184398,0.0,0.03230177,0.0,0.0,0.012379043,0.0,0.050513666,-0.051405687,0.0,-0.042863864,0.0,0.0,0.0,-0.079521015,0.0,0.0,0.0,0.0,0.028225642,-0.16425487,0.012585288,0.0,0.0,-0.21283874,0.0,-0.035467975,0.091216214,-0.05672152,0.016114326,0.55868423,0.22070634,0.06591667,0.0013122968,0.0,0.0,-0.36117193,0.099682346,0.10909218,0.13882014,0.0,0.15084587,-0.03874009,0.014592225,0.0,0.17487103,-0.37766194,0.11001104,-0.047782615,0.016856851,0.011663556,-0.048078004,0.029179294,0.3366135,0.04504767,-0.0340571,0.051430646,0.19493519,0.0,0.0,-0.21531285,-0.043793213,0.0,-0.027538918,-0.040944137,0.0,0.0,0.0,-0.156274,0.0,-0.27127746,0.0,0.0,0.5669519
20,0.0,0.0,0.11613544,0.038594875,-0.18877071,0.022389263,-0.071412556,0.0,0.021720128,0.0,-0.0007480383,0.0,0.28535432,0.004205814,0.09968971,0.0,0.18367541,0.041540824,-0.11398657,0.059853226,0.0,0.0,0.0,0.31414142,0.0,0.0,0.0,0.0,0.46164584,0.0,0.0,0.05831378,0.019549618,0.0,0.0,-0.068361245,0.0,-0.053035885,0.0,0.0,0.0,0.0,0.0,0.0,0.0,0.0,0.0,0.09811165,-0.012734933,-0.06735773,0.0,0.08567946,0.0,0.33385575,0.0,0.036567155,0.042594925,0.0,-0.016614547,0.0,0.0,0.010898868,0.13216189,0.0,0.0,0.0913915,-0.017223308,0.0,0.0,0.0,-0.007272307,0.0,-0.054424882,0.0,-0.094602905,-0.014195999,0.0,0.0,0.0,0.0,0.014950359,0.0,-0.052122794,0.0,0.0,-0.010868829,0.0,0.13386467,0.037118025,0.0,0.06875784,0.0,0.0,0.0,-0.0067800805,0.0,0.0,0.0,0.0,-0.0040611923,-0.11797151,0.012585288,0.0,0.0,0.1000154,0.0,0.07635395,0.048803292,0.09032931,0.04286118,0.71633816,-0.04873648,0.0515505,0.051863827,0.0,0.0,-0.15349123,0.14311552,0.19541132,0.13882014,0.0,-0.10600631,-0.35304135,0.014592225,0.0,0.17045298,-0.876528,0.07083568,0.009967404,-0.014936885,0.01779934,-0.048078004,-0.14192453,-0.36118695,0.055811886,0.21039864,0.038068898,0.106453285,0.0,0.0,-0.11991869,0.03699253,0.0,-0.012836289,-0.27800807,0.0,0.0,0.0,0.10333875,0.0,-0.23600644,0.0,0.0,0.5669519
21,0.0,0.0,0.0121793095,-0.022625906,0.18193746,0.09727938,0.079732895,0.0,0.045346167,0.0,-0.1012551,0.0,0.121955596,0.010778653,-0.11575724,0.0,-0.023653785,0.059877492,0.15920484,0.00990424,0.0,0.0,0.0,-0.16391568,0.0,0.0,0.0,0.0,0.23101556,0.0,0.0,-0.064460635,0.049402848,0.0,0.0,-0.22397703,0.0,0.01146305,0.0,0.0,0.0,0.0,0.0,0.0,0.0,0.0,0.0,0.22058721,-0.0462033,0.012092398,0.0,-0.039388277,0.0,0.14659277,0.0,-0.067473926,0.042594925,0.0,-0.016614547,0.0,0.0,0.027699549,-0.106756926,0.0,0.0,0.013129298,-0.00975492,0.0,0.0,0.0,0.094245166,0.0,-0.032694664,0.0,0.06764496,-0.051379718,0.0,0.0,0.0,0.0,-0.092959866,0.0,0.01333143,0.0,0.0,-0.040888947,0.0,0.023529008,-0.035552755,0.0,-0.042863864,0.0,0.0,0.0,-0.115977764,0.0,0.0,0.0,0.0,0.001646962,-0.08589217,0.012585288,0.0,0.0,0.040989473,0.0,-0.0102291815,0.091216214,0.054044258,-0.044285446,-1.0121235,0.22070634,-0.0046495777,-0.037292346,0.0,0.0,0.53654003,0.040466573,-0.30464765,-0.16001973,0.0,-0.15231717,-0.07946865,0.014592225,0.0,-0.35005686,0.42649892,0.14062779,0.009967404,0.056938633,-0.06891027,-0.022449352,0.023970757,-0.28389245,-0.006752331,-0.21917483,-0.19920711,-0.38971373,0.0,0.0,-0.16597869,-0.24321547,0.0,0.08646572,-0.02028022,0.0,0.0,0.0,0.030591149,0.0,-0.21257225,0.0,0.0,0.5669519
22,0.0,0.0,-0.027358592,-0.01274052,0.09030448,-0.013510512,-0.071412556,0.0,0.045346167,0.0,0.08521642,0.0,0.13366863,-0.012701293,-0.044936877,0.0,-0.034856178,0.017967021,0.20242584,0.020461405,0.0,0.0,0.0,-0.12204424,0.0,0.0,0.0,0.0,0.19431141,0.0,0.0,0.06466075,-0.06465246,0.0,0.0,0.33468878,0.0,0.01146305,0.0,0.0,0.0,0.0,0.0,0.0,0.0,0.0,0.0,0.25848934,0.23618233,0.039844625,0.0,-0.13881288,0.0,0.32783362,0.0,-0.008372035,0.042594925,0.0,-0.011663932,0.0,0.0,0.027699549,0.040305793,0.0,0.0,0.008918454,0.014610751,0.0,0.0,0.0,0.14636877,0.0,0.15524352,0.0,0.051925022,-0.026578402,0.0,0.0,0.0,0.0,0.04032056,0.0,0.053381518,0.0,0.0,-0.0062814346,0.0,-0.025169628,-0.10041997,0.0,-0.042863864,0.0,0.0,0.0,0.013968397,0.0,0.0,0.0,0.0,0.001646962,0.21445058,-0.0005523339,0.0,0.0,-0.03658757,0.0,-0.035467975,0.048803292,-0.05672152,0.04286118,0.4797781,0.05597695,0.1083296,0.06773828,0.0,0.0,-0.41797683,0.13834849,-0.26406997,-0.40892828,0.0,0.15084587,-0.07946865,0.06181705,0.0,-0.2176365,0.20551583,-0.10458356,0.009967404,0.016856851,0.09117836,0.045230843,0.1541965,-0.50951403,-0.026161745,-0.23343985,-0.19920711,-0.18928069,0.0,0.0,0.22241077,0.058438502,0.0,0.08646572,0.013447804,0.0,0.0,0.0,0.054765284,0.0,-0.14906192,0.0,0.0,0.5669519
23,0.0,0.0,-0.14856276,-0.022625906,0.16457404,0.022389263,0.079732895,0.0,0.012616652,0.0,-0.014300351,0.0,0.17211398,-0.0051445803,-0.082145855,0.0,-0.10505856,-0.026914509,-0.1155767,0.059853226,0.0,0.0,0.0,-0.16236664,0.0,0.0,0.0,0.0,0.22440177,0.0,0.0,0.05831378,-0.025584172,0.0,0.0,-0.17702535,0.0,-0.053035885,0.0,0.0,0.0,0.0,0.0,0.0,0.0,0.0,0.0,-0.63764125,-0.012734933,0.007479982,0.0,0.08567946,0.0,-0.5267341,0.0,-0.014718313,0.042594925,0.0,-0.009941302,0.0,0.0,-0.0817948,-0.02930595,0.0,0.0,0.017604897,-0.00975492,0.0,0.0,0.0,-0.0030751452,0.0,-0.14881939,0.0,-0.17702997,-0.014195999,0.0,0.0,0.0,0.0,0.010403111,0.0,0.03230177,0.0,0.0,0.012379043,0.0,0.13386467,-0.024024293,0.0,0.06875784,0.0,0.0,0.0,-0.115977764,0.0,0.0,0.0,0.0,0.028225642,-0.16425487,0.012585288,0.0,0.0,-0.020721298,0.0,-0.0147363,0.091216214,-0.05672152,0.016114326,0.46559405,-0.15869687,0.0070271995,0.051863827,0.0,0.0,0.43051592,0.10420874,-0.3722413,0.07393391,0.0,0.15084587,-0.10921791,0.014592225,0.0,0.17045298,-0.30480585,0.076647624,0.009967404,-0.014936885,-0.0067046545,-0.048078004,-0.27318513,-0.58788747,-0.026161745,-0.041110348,0.03780811,0.19493519,0.0,0.0,-0.14920808,-0.20731321,0.0,-0.027538918,-0.27800807,0.0,0.0,0.0,0.019227654,0.0,-0.3092779,0.0,0.0,0.5669519
24,0.0,0.0,0.021386938,0.038594875,-0.3455014,-0.009055776,0.050067652,0.0,-0.1039431,0.0,-0.021179395,0.0,-0.15042055,0.004205814,0.09968971,0.0,0.118856385,0.16405657,0.36748618,-0.015109865,0.0,0.0,0.0,0.364893,0.0,0.0,0.0,0.0,-0.23284894,0.0,0.0,-0.2497667,0.019549618,0.0,0.0,-0.22789045,0.0,0.02689648,0.0,0.0,0.0,0.0,0.0,0.0,0.0,0.0,0.0,0.08074329,-0.015515899,0.012092398,0.0,-0.039388277,0.0,0.1915971,0.0,-0.014718313,0.042594925,0.0,-0.034141574,0.0,0.0,0.0057106144,0.13218305,0.0,0.0,0.0913915,0.08379342,0.0,0.0,0.0,0.107635975,0.0,-0.0056567695,0.0,0.055555835,-0.017182838,0.0,0.0,0.0,0.0,-0.25914517,0.0,0.03230177,0.0,0.0,-0.010868829,0.0,0.056176446,0.017346999,0.0,-0.042863864,0.0,0.0,0.0,0.0020342115,0.0,0.0,0.0,0.0,-0.0040611923,-0.16883783,0.04064694,0.0,0.0,0.11329971,0.0,0.031723686,-0.014496357,0.09032931,0.04286118,0.7806641,-0.03865048,0.06591613,0.09233527,0.0,0.0,0.39416033,0.10632795,0.07974195,0.0631004,0.0,-0.10600631,0.12426603,0.014592225,0.0,0.28555188,-0.59972227,0.10075344,0.041288532,0.016856851,0.073741,0.08878279,0.017174378,0.18938872,-0.16041563,-0.010815885,0.057736587,0.16564824,0.0,0.0,-0.12636739,-0.11564608,0.0,-0.012836289,0.3865336,0.0,0.0,0.0,0.13149898,0.0,0.5782669,0.0,0.0,0.5669519
25,0.0,0.0,0.021386938,0.009844402,0.18327634,-0.009055776,0.050067652,0.0,0.006073787,0.0,-0.024487626,0.0,-0.14834543,0.004205814,0.0030973908,0.0,-0.15173055,0.012937015,-0.13724025,-0.015109865,0.0,0.0,0.0,-0.18906005,0.0,0.0,0.0,0.0,-0.23175365,0.0,0.0,-0.064460635,-0.06465246,0.0,0.0,-0.1674347,0.0,-0.053035885,0.0,0.0,0.0,0.0,0.0,0.0,0.0,0.0,0.0,-0.60275704,-0.015515899,0.012092398,0.0,-0.054742027,0.0,-0.45088336,0.0,-0.014718313,-0.07272597,0.0,-0.022907007,0.0,0.0,-0.03098734,-0.01853776,0.0,0.0,0.019066347,0.08379342,0.0,0.0,0.0,-0.0057321936,0.0,-0.101338394,0.0,-0.17702997,-0.017182838,0.0,0.0,0.0,0.0,-0.14039394,0.0,0.01333143,0.0,0.0,-0.040888947,0.0,0.050513666,-0.024024293,0.0,-0.042863864,0.0,0.0,0.0,-0.023799703,0.0,0.0,0.0,0.0,0.001646962,-0.21203214,0.012585288,0.0,0.0,-0.25665492,0.0,-0.020657929,0.091216214,-0.05672152,0.016114326,-0.25142443,-0.15869687,-0.03526445,0.04373433,0.0,0.0,0.71408165,0.11940839,0.07974195,-0.0014848113,0.0,-0.15231717,0.023207795,0.014592225,0.0,0.17154765,0.04479628,-0.030706733,0.009967404,-0.050453424,-0.0067046545,0.08878279,0.0065944623,-0.37621066,-0.04503965,0.069341,0.023692839,0.278394,0.0,0.0,-0.15895896,-0.037717044,0.0,-0.012836289,-0.11785281,0.0,0.0,0.0,-0.0492458,0.0,-0.3544422,0.0,0.0,0.5669519
26,0.0,0.0,0.0121793095,-0.022625906,0.08323571,0.022389263,0.079732895,0.0,0.012616652,0.0,-0.12622607,0.0,-0.25132877,0.010778653,-0.012602577,0.0,-0.10953416,-0.10747422,0.106563464,0.059853226,0.0,0.0,0.0,-0.16035338,0.0,0.0,0.0,0.0,0.339882,0.0,0.0,-0.08420042,-0.06465246,0.0,0.0,0.20992237,0.0,0.02689648,0.0,0.0,0.0,0.0,0.0,0.0,0.0,0.0,0.0,-0.6885138,-0.012734933,0.039844625,0.0,-0.039388277,0.0,0.20520447,0.0,-0.067473926,0.042594925,0.0,-0.007729624,0.0,0.0,-0.0817948,-0.04698278,0.0,0.0,0.013129298,-0.05594498,0.0,0.0,0.0,-0.1683996,0.0,-0.10512744,0.0,0.031339582,-0.014195999,0.0,0.0,0.0,0.0,0.0144636845,0.0,0.018066732,0.0,0.0,0.046570435,0.0,0.056176446,-0.10041997,0.0,0.06875784,0.0,0.0,0.0,-0.053687103,0.0,0.0,0.0,0.0,0.001646962,-0.058233313,0.04064694,0.0,0.0,0.06948353,0.0,-0.06325636,0.091216214,-0.030544858,0.015065774,-1.2314019,-0.15869687,-0.067241296,-0.013094235,0.0,0.0,-0.40854445,0.121447116,0.07318617,0.15967584,0.0,-0.15231717,-0.10921791,-0.020000415,0.0,0.20780283,0.031798787,0.047428858,-0.07227177,-0.050453424,0.023751248,-0.08346487,0.06557862,-0.32628986,0.11044207,0.2058231,0.0606926,0.1340256,0.0,0.0,-0.20139886,0.028976828,0.0,0.040302925,-0.018884368,0.0,0.0,0.0,-0.02922573,0.0,0.37840417,0.0,0.0,0.5669519
27,0.0,0.0,-0.015580013,-0.01274052,0.103224844,0.022389263,0.079732895,0.0,0.012616652,0.0,-0.09232531,0.0,0.25649112,-0.013184524,0.0030973908,0.0,-0.027549002,0.037396204,-0.08131243,0.017387925,0.0,0.0,0.0,-0.15493901,0.0,0.0,0.0,0.0,0.2496956,0.0,0.0,0.116543904,-0.025584172,0.0,0.0,-0.29607797,0.0,0.02689648,0.0,0.0,0.0,0.0,0.0,0.0,0.0,0.0,0.0,-0.6411084,-0.012734933,0.012092398,0.0,0.14725798,0.0,-0.214626,0.0,-0.067473926,0.042594925,0.0,-0.009941302,0.0,0.0,-0.0817948,-0.011122592,0.0,0.0,0.0108113475,-0.017223308,0.0,0.0,0.0,0.0043862895,0.0,0.2845203,0.0,0.051925022,-0.014195999,0.0,0.0,0.0,0.0,0.010117824,0.0,0.01333143,0.0,0.0,-0.040888947,0.0,0.056176446,-0.051405687,0.0,-0.042863864,0.0,0.0,0.0,-0.09522928,0.0,0.0,0.0,0.0,0.028225642,-0.21203214,-0.0005523339,0.0,0.0,0.025922783,0.0,-0.035467975,0.048803292,-0.05672152,0.008825448,-0.8174542,-0.041725162,0.1083296,0.09233527,0.0,0.0,-0.45441166,0.05768929,0.19541132,-0.29170722,0.0,-0.15231717,0.12813795,0.014592225,0.0,0.21015958,-0.25888857,0.008525039,0.009967404,-0.050453424,0.045891065,0.05155354,0.041088782,0.3895406,-0.010837767,-0.13275708,0.0606926,0.2588616,0.0,0.0,-0.10609584,-0.07969547,0.0,0.08646572,0.0037748422,0.0,0.0,0.0,0.054765284,0.0,-0.31316823,0.0,0.0,0.5669519
28,0.0,0.0,0.0121793095,-0.022625906,-0.37683022,-0.009055776,-0.044409625,0.0,0.017532527,0.0,0.2800689,0.0,0.09276181,0.055574987,-0.012602577,0.0,-0.11445085,0.0058712075,-0.15032525,0.017387925,0.0,0.0,0.0,-0.18906005,0.0,0.0,0.0,0.0,0.20742464,0.0,0.0,0.08013524,0.019549618,0.0,0.0,0.24950558,0.0,0.02689648,0.0,0.0,0.0,0.0,0.0,0.0,0.0,0.0,0.0,-0.6847623,-0.015515899,0.039844625,0.0,-0.054742027,0.0,0.15910955,0.0,-0.02145584,0.042594925,0.0,-0.009941302,0.0,0.0,0.01055417,0.03522849,0.0,0.0,0.017604897,0.014610751,0.0,0.0,0.0,0.036955893,0.0,-0.110876136,0.0,-0.11284408,-0.017182838,0.0,0.0,0.0,0.0,0.0144636845,0.0,-0.029152848,0.0,0.0,0.046570435,0.0,0.056176446,-0.024024293,0.0,-0.042863864,0.0,0.0,0.0,-0.115977764,0.0,0.0,0.0,0.0,0.028225642,0.3784818,-0.116244555,0.0,0.0,0.025922783,0.0,-0.0147363,0.048803292,-0.05672152,0.015065774,-0.70154047,-0.10151318,0.049440123,0.060052767,0.0,0.0,0.41417587,0.09878791,-0.38442412,-0.13991639,0.0,-0.15231717,-0.104519725,0.06181705,0.0,0.24501567,-0.22566244,-0.083429284,0.009967404,-0.050453424,-0.10143329,0.08281824,0.06557862,-0.3903657,-0.09539804,0.1455473,0.0606926,0.19062963,0.0,0.0,-0.18148658,-0.0268233,0.0,-0.027538918,0.0037748422,0.0,0.0,0.0,-0.156274,0.0,-0.3430066,0.0,0.0,0.5669519
29,0.0,0.0,0.11613544,0.038594875,0.18281327,-0.009055776,0.079732895,0.0,0.015591465,0.0,-0.017580029,0.0,-0.10787565,0.004205814,0.18710047,0.0,0.082136855,0.08007734,-0.38717392,-0.052011617,0.0,0.0,0.0,0.26968774,0.0,0.0,0.0,0.0,-0.64947426,0.0,0.0,0.116543904,0.049402848,0.0,0.0,-0.20509085,0.0,-0.022603441,0.0,0.0,0.0,0.0,0.0,0.0,0.0,0.0,0.0,0.071937196,-0.015515899,0.007479982,0.0,-0.0117399,0.0,-0.12576875,0.0,-0.014718313,-0.07272597,0.0,-0.06418449,0.0,0.0,0.009373786,-0.08922726,0.0,0.0,0.06524938,0.08379342,0.0,0.0,0.0,0.028003085,0.0,-0.0370413,0.0,-0.13460794,-0.017182838,0.0,0.0,0.0,0.0,0.014950359,0.0,0.03230177,0.0,0.0,-0.010868829,0.0,-0.05273249,-0.035552755,0.0,-0.042863864,0.0,0.0,0.0,0.0020342115,0.0,0.0,0.0,0.0,0.021473302,-0.11273835,0.04064694,0.0,0.0,-0.20220652,0.0,-0.0147363,-0.027094543,0.09032931,0.01631993,0.7060394,0.068067245,-0.019408433,0.00085514784,0.0,0.0,0.49538192,0.12846169,0.115647964,0.11037481,0.0,-0.10600631,0.12922668,0.014592225,0.0,0.18863484,0.31356105,0.07969174,0.041288532,-0.014936885,-0.04885503,-0.090215825,-0.2198137,0.33330888,0.07113586,0.12817058,0.0044196574,0.046006665,0.0,0.0,-0.11360836,0.08558321,0.0,-0.012836289,-0.107220575,0.0,0.0,0.0,0.10333875,0.0,0.510723,0.0,0.0,0.5669519
30,0.0,0.0,0.11613544,0.009844402,-0.4329859,-0.009055776,0.079732895,0.0,-0.3023077,0.0,0.07779132,0.0,-0.19248061,0.0103836,-0.044936877,0.0,-0.11192756,0.057789713,0.144119,-0.015109865,0.0,0.0,0.0,-0.18590207,0.0,0.0,0.0,0.0,0.18311307,0.0,0.0,-0.10644586,0.049402848,0.0,0.0,0.32267848,0.0,0.01146305,0.0,0.0,0.0,0.0,0.0,0.0,0.0,0.0,0.0,0.24381241,-0.015515899,0.039844625,0.0,-0.039388277,0.0,0.2140271,0.0,-0.008372035,0.042594925,0.0,-0.011663932,0.0,0.0,0.010870909,0.0060614645,0.0,0.0,0.019066347,0.08379342,0.0,0.0,0.0,-0.089993976,0.0,-0.055296514,0.0,0.055555835,-0.017182838,0.0,0.0,0.0,0.0,0.014950359,0.0,0.053381518,0.0,0.0,-0.0062814346,0.0,0.07195525,0.02567125,0.0,-0.042863864,0.0,0.0,0.0,-0.023799703,0.0,0.0,0.0,0.0,-0.0110860355,0.1755706,0.012585288,0.0,0.0,-0.1293115,0.0,0.031723686,-0.014496357,0.02928197,0.04286118,0.539814,0.076559454,0.06591613,0.0734575,0.0,0.0,0.30531767,0.09799236,0.10495169,-0.19514388,0.0,-0.15231717,-0.07956913,-0.08472777,0.0,0.15124783,0.37475237,-0.19775888,0.0061319354,-0.014936885,-0.01907599,0.120047495,-0.107644565,-0.36129597,-0.11370854,-0.10376495,0.019865703,0.15217295,0.0,0.0,0.17858306,0.06299465,0.0,-0.027538918,-0.2583141,0.0,0.0,0.0,-0.18044814,0.0,-0.0848351,0.0,0.0,0.5669519
31,0.0,0.0,-0.14856276,0.009844402,0.09030448,-0.009055776,-0.071412556,0.0,0.045346167,0.0,0.08521642,0.0,0.16477793,-0.012701293,-0.044936877,0.0,-0.11192756,-0.0442148,-0.10190053,-0.052011617,0.0,0.0,0.0,-0.13050197,0.0,0.0,0.0,0.0,0.47022983,0.0,0.0,0.08013524,0.049402848,0.0,0.0,0.23089509,0.0,0.01146305,0.0,0.0,0.0,0.0,0.0,0.0,0.0,0.0,0.0,0.2622648,-0.015515899,0.015494356,0.0,-0.054742027,0.0,0.22116259,0.0,-0.008372035,0.042594925,0.0,-0.016614547,0.0,0.0,0.027699549,0.039684013,0.0,0.0,0.019066347,0.025796771,0.0,0.0,0.0,-0.033587597,0.0,-0.055296514,0.0,0.051925022,-0.017182838,0.0,0.0,0.0,0.0,0.014950359,0.0,0.053381518,0.0,0.0,-0.0062814346,0.0,-0.0593929,-0.10041997,0.0,0.06875784,0.0,0.0,0.0,-0.09522928,0.0,0.0,0.0,0.0,-0.0110860355,0.006613668,-0.0005523339,0.0,0.0,-0.009127952,0.0,0.07635395,-0.014496357,0.054044258,-0.047971997,0.46065137,0.076559454,0.08012598,0.09130067,0.0,0.0,-0.39061692,0.086254224,0.13795029,-0.24942741,0.0,0.15084587,-0.056927517,-0.020000415,0.0,0.21889949,0.46774927,-0.16866073,0.009967404,-0.014936885,-0.047782663,-0.12560269,-0.5377921,-0.5447291,0.024862908,-0.14379892,0.019865703,0.051131576,0.0,0.0,-0.16646661,0.08169627,0.0,0.08646572,0.042298064,0.0,0.0,0.0,0.0024309233,0.0,-0.18830119,0.0,0.0,0.5669519
32,0.0,0.0,-0.027358592,-0.022625906,-0.13619548,0.033403035,-0.071412556,0.0,0.045346167,0.0,0.08521642,0.0,0.28535432,-0.012701293,-0.044936877,0.0,-0.023653785,0.041540824,-0.11398657,0.059853226,0.0,0.0,0.0,-0.13050197,0.0,0.0,0.0,0.0,0.6021297,0.0,0.0,0.06466075,0.049402848,0.0,0.0,0.30023244,0.0,-0.022603441,0.0,0.0,0.0,0.0,0.0,0.0,0.0,0.0,0.0,0.26072195,0.16600288,0.039844625,0.0,0.08567946,0.0,0.34055,0.0,-0.008372035,0.042594925,0.0,-0.016614547,0.0,0.0,0.027699549,0.1082162,0.0,0.0,0.013129298,-0.017223308,0.0,0.0,0.0,-0.053332247,0.0,-0.075696796,0.0,-0.094602905,-0.021561984,0.0,0.0,0.0,0.0,0.04032056,0.0,-0.08613751,0.0,0.0,-0.010868829,0.0,0.029934097,0.07250933,0.0,0.06875784,0.0,0.0,0.0,-0.0067800805,0.0,0.0,0.0,0.0,-0.0110860355,-0.11797151,-0.116244555,0.0,0.0,-0.043789573,0.0,0.07635395,-0.014496357,-0.09383535,-0.1259893,0.6306875,0.22070634,0.08012598,-0.10483547,0.0,0.0,-0.09293006,0.16898815,0.19541132,0.19337267,0.0,0.15084587,-0.056927517,0.014592225,0.0,-0.046020523,0.45015272,0.14403722,-0.047782615,-0.014936885,0.05627428,-0.048078004,0.1541965,-0.38011822,0.055811886,0.24350578,0.04284708,0.07153922,0.0,0.0,-0.13012499,0.03699253,0.0,-0.012836289,-0.17689285,0.0,0.0,0.0,0.05411399,0.0,-0.09050533,0.0,0.0,0.5669519
33,0.0,0.0,0.021386938,0.038594875,-0.13078538,-0.013397079,0.079732895,0.0,-0.06943418,0.0,0.06570911,0.0,0.28535432,0.0103836,0.18710047,0.0,0.13615422,-0.23834434,0.25284326,-0.008606646,0.0,0.0,0.0,0.364893,0.0,0.0,0.0,0.0,-0.28347415,0.0,0.0,-0.07559163,0.049402848,0.0,0.0,-0.12787347,0.0,0.01146305,0.0,0.0,0.0,0.0,0.0,0.0,0.0,0.0,0.0,0.16734491,-0.022839587,0.012092398,0.0,-0.039388277,0.0,0.2527386,0.0,-0.008372035,0.042594925,0.0,-0.034141574,0.0,0.0,0.00406475,-0.030777574,0.0,0.0,0.06524938,-0.017223308,0.0,0.0,0.0,0.01930957,0.0,-0.005222367,0.0,0.025684519,0.23931022,0.0,0.0,0.0,0.0,0.04032056,0.0,0.053381518,0.0,0.0,-0.010868829,0.0,0.041677948,0.07250933,0.0,0.06875784,0.0,0.0,0.0,-0.0067800805,0.0,0.0,0.0,0.0,0.021473302,-0.09719622,0.012585288,0.0,0.0,0.08122061,0.0,0.056212578,-0.027094543,-0.030544858,0.04286118,0.78014684,-0.026935194,-0.055848386,-0.039479464,0.0,0.0,-0.06533867,0.1540122,0.13979538,0.18111277,0.0,-0.10600631,0.008061599,-0.020000415,0.0,-0.19632007,0.7952902,-0.08611119,0.0061319354,-0.014936885,0.073741,-0.013193909,0.067256376,0.09733817,-0.04503965,-0.063982844,-0.07153934,-0.33374828,0.0,0.0,-0.14438403,-0.08736521,0.0,-0.027538918,-0.19649504,0.0,0.0,0.0,-0.156274,0.0,-0.029114,0.0,0.0,0.5669519
34,0.0,0.0,-0.0521005,-0.01274052,0.18281327,-0.039346546,-0.071412556,0.0,0.026139574,0.0,0.07361403,0.0,0.06008988,-0.012701293,-0.044936877,0.0,-0.030223668,-0.101694204,-0.15857875,0.00990424,0.0,0.0,0.0,-0.09333757,0.0,0.0,0.0,0.0,0.32755116,0.0,0.0,0.25825346,-0.06465246,0.0,0.0,0.24244952,0.0,0.01146305,0.0,0.0,0.0,0.0,0.0,0.0,0.0,0.0,0.0,0.12384728,-0.06573623,0.015585612,0.0,-0.15416662,0.0,-0.12736043,0.0,-0.008372035,0.042594925,0.0,-0.016614547,0.0,0.0,-0.21467145,-0.009346612,0.0,0.0,0.008918454,-0.00975492,0.0,0.0,0.0,0.028003085,0.0,0.13905446,0.0,-0.17702997,-0.072282284,0.0,0.0,0.0,0.0,0.009088865,0.0,-0.08613751,0.0,0.0,-0.010868829,0.0,0.023529008,-0.035552755,0.0,-0.042863864,0.0,0.0,0.0,-0.08483193,0.0,0.0,0.0,0.0,0.001646962,0.2604696,-0.044165995,0.0,0.0,-0.040090695,0.0,-0.0102291815,-0.027094543,0.054044258,0.016793307,0.26374757,0.039787903,-0.03108521,0.033310875,0.0,0.0,0.52183646,-0.8207914,-0.3722413,-0.19514388,0.0,0.15084587,-0.09784439,-0.08472777,0.0,-0.37982494,0.25417218,-0.089813255,0.041288532,0.016856851,-0.0030606892,-0.022449352,-0.10008907,0.4259436,0.045609504,-0.15617155,-0.19920711,-0.3423761,0.0,0.0,-0.15509936,0.02522693,0.0,-0.012836289,0.27723193,0.0,0.0,0.0,-0.028072078,0.0,0.33105555,0.0,0.0,0.5669519
35,0.0,0.0,0.0121793095,-0.088704646,0.08388124,-0.039346546,0.050067652,0.0,-0.3023077,0.0,-0.117739506,0.0,0.22529346,0.010778653,0.14047948,0.0,0.14834045,-0.0442148,-0.10190053,-0.008606646,0.0,0.0,0.0,0.364893,0.0,0.0,0.0,0.0,0.3663035,0.0,0.0,0.0663986,-0.06465246,0.0,0.0,-0.15937082,0.0,-0.022603441,0.0,0.0,0.0,0.0,0.0,0.0,0.0,0.0,0.0,0.15619463,-0.06573623,0.012092398,0.0,-0.054742027,0.0,-0.1256723,0.0,-0.067473926,0.042594925,0.0,-0.016614547,0.0,0.0,0.010870909,-0.037495147,0.0,0.0,0.03057088,0.025796771,0.0,0.0,0.0,-0.057003465,0.0,-0.033864293,0.0,0.051925022,-0.072282284,0.0,0.0,0.0,0.0,0.0144636845,0.0,0.01333143,0.0,0.0,-0.040888947,0.0,-0.025169628,-0.10041997,0.0,0.06875784,0.0,0.0,0.0,-0.0067800805,0.0,0.0,0.0,0.0,0.021473302,-0.17916001,0.012585288,0.0,0.0,0.040332943,0.0,0.07635395,-0.014496357,0.054044258,0.015065774,-1.1032857,-0.03702119,0.08012598,0.06773828,0.0,0.0,-0.20346664,0.048127297,0.13795029,0.16825943,0.0,-0.10600631,0.13524559,0.014592225,0.0,-0.37727034,0.19021393,-0.033153888,0.009967404,0.056938633,0.020984165,-0.020966522,0.036036387,-0.42500794,-0.057110723,-0.14249772,-0.17622574,-0.2918108,0.0,0.0,-0.2075867,-0.13691679,0.0,0.08646572,-0.011280708,0.0,0.0,0.0,0.030591149,0.0,-0.29057923,0.0,0.0,0.5669519
36,0.0,0.0,-0.14856276,-0.022625906,0.07799442,0.022389263,0.050067652,0.0,0.012616652,0.0,0.060245447,0.0,0.17080891,-0.012701293,-0.032441143,0.0,-0.06973116,-0.04057177,-0.077133864,0.017387925,0.0,0.0,0.0,-0.10851558,0.0,0.0,0.0,0.0,0.25387418,0.0,0.0,0.25825346,-0.06465246,0.0,0.0,0.3174317,0.0,0.02689648,0.0,0.0,0.0,0.0,0.0,0.0,0.0,0.0,0.0,-0.6792303,-0.012734933,0.039844625,0.0,0.08567946,0.0,-0.38153136,0.0,-0.008372035,0.042594925,0.0,-0.009941302,0.0,0.0,-0.0817948,-0.008363669,0.0,0.0,0.013129298,0.025796771,0.0,0.0,0.0,0.05859258,0.0,-0.10208769,0.0,-0.06328967,-0.014195999,0.0,0.0,0.0,0.0,0.010403111,0.0,0.053381518,0.0,0.0,0.012379043,0.0,-0.0593929,-0.10041997,0.0,0.06875784,0.0,0.0,0.0,-0.09014385,0.0,0.0,0.0,0.0,0.001646962,0.29097372,-0.088182904,0.0,0.0,0.11160874,0.0,-0.035467975,0.091216214,-0.09383535,0.016114326,0.34373403,0.076559454,0.06591667,0.016596131,0.0,0.0,-0.39460018,0.10794692,0.2018829,-0.38791418,0.0,0.15084587,-0.10921791,-0.08472777,0.0,0.22222285,0.04461617,-0.12479228,0.041288532,0.016856851,0.012830597,0.08281824,-0.16101599,0.47064787,0.010388739,-0.046492063,0.0606926,0.21489349,0.0,0.0,-0.1370279,-0.013657128,0.0,-0.012836289,0.3470674,0.0,0.0,0.0,0.05411399,0.0,0.61526227,0.0,0.0,0.5669519
37,0.0,0.0,-0.14856276,-0.022625906,0.18800628,0.013294974,-0.071412556,0.0,0.045346167,0.0,0.08521642,0.0,0.06008988,-0.012701293,-0.0930995,0.0,-0.023653785,0.01001583,-0.1591794,0.059853226,0.0,0.0,0.0,-0.10851558,0.0,0.0,0.0,0.0,0.4247231,0.0,0.0,0.05831378,-0.06465246,0.0,0.0,-0.117827535,0.0,-0.053035885,0.0,0.0,0.0,0.0,0.0,0.0,0.0,0.0,0.0,0.2622648,0.045755077,0.007479982,0.0,0.08567946,0.0,-0.56997585,0.0,-0.008372035,0.042594925,0.0,-0.016614547,0.0,0.0,0.027699549,-0.043079164,0.0,0.0,0.013129298,-0.00975492,0.0,0.0,0.0,-0.033587597,0.0,-0.075696796,0.0,-0.17702997,-0.009207169,0.0,0.0,0.0,0.0,0.010403111,0.0,-0.08613751,0.0,0.0,-0.010868829,0.0,-0.0593929,-0.035552755,0.0,-0.042863864,0.0,0.0,0.0,-0.09522928,0.0,0.0,0.0,0.0,0.001646962,-0.14795955,-0.0005523339,0.0,0.0,-0.009127952,0.0,-0.0147363,-0.014496357,0.054044258,0.016114326,0.39067754,0.22070634,0.0780156,0.059018165,0.0,0.0,0.5897829,0.0428231,-0.3722413,-0.19514388,0.0,0.15084587,-0.056927517,0.014592225,0.0,0.1273021,0.37095198,0.1399288,0.009967404,-0.014936885,-0.002888293,-0.048078004,-0.27318513,-0.49889222,0.091032654,0.24350578,0.073279515,0.21919905,0.0,0.0,-0.14920808,0.08558321,0.0,-0.012836289,-0.09023714,0.0,0.0,0.0,-0.028072078,0.0,-0.12715127,0.0,0.0,0.5669519
38,0.0,0.0,0.0121793095,-0.022625906,0.21122128,0.022389263,0.079732895,0.0,0.009290205,0.0,-0.12820768,0.0,-0.12187654,0.010778653,-0.035673883,0.0,-0.10953416,0.062113084,0.059363607,0.059853226,0.0,0.0,0.0,-0.16035338,0.0,0.0,0.0,0.0,0.16001242,0.0,0.0,-0.08420042,-0.06465246,0.0,0.0,0.2970439,0.0,0.02689648,0.0,0.0,0.0,0.0,0.0,0.0,0.0,0.0,0.0,-0.5001319,-0.012734933,0.039844625,0.0,0.047967557,0.0,-0.3514283,0.0,-0.067473926,0.042594925,0.0,-0.009941302,0.0,0.0,-0.048504762,-0.017290788,0.0,0.0,0.013129298,0.08379342,0.0,0.0,0.0,0.023137245,0.0,-0.14812958,0.0,0.0882304,-0.014195999,0.0,0.0,0.0,0.0,0.010117824,0.0,0.018066732,0.0,0.0,-0.040888947,0.0,-0.05273249,-0.035552755,0.0,-0.042863864,0.0,0.0,0.0,-0.053687103,0.0,0.0,0.0,0.0,0.001646962,-0.14780326,0.04064694,0.0,0.0,-0.24602272,0.0,-0.0102291815,-0.027094543,-0.09383535,0.008825448,-0.83262,-0.15869687,-0.03108521,0.07555968,0.0,0.0,0.50754917,0.09771401,0.09945188,0.07413213,0.0,-0.15231717,-0.03874009,0.014592225,0.0,0.06702928,-0.09731182,0.06959794,-0.1979326,-0.050453424,-0.035411328,-0.048078004,0.05635911,-0.38107994,0.0752213,0.19387716,0.051430646,-0.0107771065,0.0,0.0,0.3273925,0.052775316,0.0,-0.012836289,0.29918593,0.0,0.0,0.0,0.05411399,0.0,0.5018122,0.0,0.0,0.5669519
39,0.0,0.0,0.0121793095,0.011570209,-0.13619548,0.022389263,-0.071412556,0.0,-0.1039431,0.0,-0.07384759,0.0,0.2921628,0.010778653,0.14047948,0.0,0.13508713,-0.04894433,-0.20461757,-0.015109865,0.0,0.0,0.0,0.364893,0.0,0.0,0.0,0.0,-0.57820064,0.0,0.0,0.15247756,0.049402848,0.0,0.0,-0.2076541,0.0,-0.053035885,0.0,0.0,0.0,0.0,0.0,0.0,0.0,0.0,0.0,0.12718998,-0.012734933,0.012092398,0.0,0.08567946,0.0,0.10681613,0.0,0.16763674,-0.07272597,0.0,-0.06418449,0.0,0.0,0.0057106144,-0.029290147,0.0,0.0,-0.10246624,-0.017223308,0.0,0.0,0.0,0.08902751,0.0,-0.08230339,0.0,-0.094602905,-0.014195999,0.0,0.0,0.0,0.0,0.0144636845,0.0,-0.021511868,0.0,0.0,-0.013937206,0.0,0.13386467,0.07250933,0.0,0.06875784,0.0,0.0,0.0,-0.0067800805,0.0,0.0,0.0,0.0,0.021473302,-0.18237422,0.012585288,0.0,0.0,0.056199215,0.0,-0.06325636,-0.027094543,0.054044258,0.015065774,-0.8669386,-0.03702119,-0.093676925,0.051863827,0.0,0.0,-0.13921562,0.09956156,0.17570138,0.14741594,0.0,-0.10600631,0.12426603,0.014592225,0.0,0.17280973,0.69878685,-0.04314392,0.009967404,0.056938633,0.062217608,0.08878279,0.036036387,0.40297288,-0.04912509,-0.047138534,0.034852095,0.13010657,0.0,0.0,0.34437567,0.14630961,0.0,-0.027538918,-0.30009854,0.0,0.0,0.0,-0.18044814,0.0,-0.17131719,0.0,0.0,0.5669519
40,0.0,0.0,0.021386938,0.0055433256,0.097983554,0.022389263,0.050067652,0.0,0.007547836,0.0,-0.018939469,0.0,-0.24164014,-0.0051445803,0.0030973908,0.0,-0.030035164,0.04949727,-0.14932628,0.017387925,0.0,0.0,0.0,-0.14873768,0.0,0.0,0.0,0.0,-0.36556926,0.0,0.0,0.050924115,-0.025584172,0.0,0.0,-0.18890084,0.0,-0.053035885,0.0,0.0,0.0,0.0,0.0,0.0,0.0,0.0,0.0,-0.28257543,-0.012734933,0.012092398,0.0,0.14725798,0.0,-0.5071238,0.0,-0.014718313,-0.07272597,0.0,-0.022907007,0.0,0.0,-0.04334531,-0.007903036,0.0,0.0,0.013322342,-0.05594498,0.0,0.0,0.0,-0.0030751452,0.0,0.17613238,0.0,0.012115983,-0.014195999,0.0,0.0,0.0,0.0,0.02184398,0.0,0.01333143,0.0,0.0,-0.040888947,0.0,0.056176446,-0.051405687,0.0,-0.042863864,0.0,0.0,0.0,-0.079521015,0.0,0.0,0.0,0.0,0.028225642,-0.21203214,0.012585288,0.0,0.0,0.025922783,0.0,-0.035467975,0.048803292,-0.05672152,0.016114326,-0.22497886,0.07478118,0.1083296,0.09233527,0.0,0.0,-0.44353616,0.1160924,0.08938225,0.08581289,0.0,-0.15231717,0.117094904,0.014592225,0.0,0.20780283,-0.45430538,0.046140354,0.009967404,-0.050453424,-0.013801737,0.05155354,0.029179294,-0.55559176,-0.026161745,-0.106821544,0.027109057,0.2588616,0.0,0.0,-0.17460753,-0.07969547,0.0,0.08646572,-0.018884368,0.0,0.0,0.0,0.054765284,0.0,-0.3704278,0.0,0.0,0.5669519
41,0.0,0.0,-0.027358592,-0.01274052,0.18281327,-0.009055776,0.079732895,0.0,0.045346167,0.0,0.010670625,0.0,-0.0649034,-0.0051445803,-0.044936877,0.0,-0.042126816,0.07014293,-0.1591794,0.059853226,0.0,0.0,0.0,-0.099538915,0.0,0.0,0.0,0.0,0.4247231,0.0,0.0,0.06466075,-0.06465246,0.0,0.0,0.30086634,0.0,0.01146305,0.0,0.0,0.0,0.0,0.0,0.0,0.0,0.0,0.0,0.18115853,-0.015515899,0.039844625,0.0,0.14725798,0.0,-0.63991696,0.0,-0.014718313,0.042594925,0.0,-0.016614547,0.0,0.0,0.027699549,-0.028239144,0.0,0.0,0.008918454,-0.019286623,0.0,0.0,0.0,-0.0066131353,0.0,0.3631497,0.0,-0.17702997,-0.017182838,0.0,0.0,0.0,0.0,0.02184398,0.0,0.053381518,0.0,0.0,-0.010868829,0.0,0.056176446,-0.035552755,0.0,-0.042863864,0.0,0.0,0.0,0.007346131,0.0,0.0,0.0,0.0,0.001646962,-0.02337436,-0.044165995,0.0,0.0,-0.0074369833,0.0,-0.0147363,-0.027094543,0.09032931,0.016114326,0.59351504,-0.05367652,-0.019408433,0.060052767,0.0,0.0,0.6277948,0.12448624,-0.1976486,-0.19514388,0.0,0.15084587,-0.056927517,-0.020000415,0.0,0.24501567,0.19268377,0.06774559,-0.1979326,-0.014936885,-0.004586219,-0.08346487,0.11611941,-0.5675646,0.055811886,0.2058231,0.019865703,0.07603653,0.0,0.0,-0.1484144,0.08558321,0.0,-0.012836289,0.3085442,0.0,0.0,0.0,0.10333875,0.0,0.33798522,0.0,0.0,0.5669519
42,0.0,0.0,0.0121793095,0.011570209,-0.15606478,-0.005347767,0.079732895,0.0,-0.06943418,0.0,-0.12982172,0.0,0.2921628,0.010778653,0.015294106,0.0,0.08687916,-0.3037766,0.25284326,-0.052011617,0.0,0.0,0.0,0.31414142,0.0,0.0,0.0,0.0,-0.36466172,0.0,0.0,0.18318272,0.019549618,0.0,0.0,0.2995877,0.0,-0.053035885,0.0,0.0,0.0,0.0,0.0,0.0,0.0,0.0,0.0,0.021829896,-0.009260571,0.039844625,0.0,-0.039388277,0.0,0.11503701,0.0,-0.067473926,-0.07272597,0.0,-0.034141574,0.0,0.0,0.00406475,-0.0240215,0.0,0.0,-0.14351927,-0.017223308,0.0,0.0,0.0,-0.31898046,0.0,-0.053462792,0.0,0.025684519,0.056888483,0.0,0.0,0.0,0.0,0.0144636845,0.0,0.018066732,0.0,0.0,-0.040888947,0.0,0.056176446,0.037118025,0.0,0.06875784,0.0,0.0,0.0,0.07288586,0.0,0.0,0.0,0.0,-0.0040611923,-0.18281849,0.047777753,0.0,0.0,0.06948353,0.0,0.13617559,-0.027094543,0.02928197,0.015065774,-1.1713905,-0.04873648,-0.06284601,-0.013094235,0.0,0.0,-0.2565559,0.121447116,0.13979538,0.07805242,0.0,-0.10600631,-0.015878655,0.014592225,0.0,0.20151721,-0.8059226,0.037508495,0.015075817,0.056938633,-0.045947313,-0.090215825,0.06557862,0.27803987,0.10635662,0.095063426,0.027205246,0.06225614,0.0,0.0,-0.21663402,0.004184637,0.0,-0.012836289,-0.018884368,0.0,0.0,0.0,-0.028072078,0.0,0.22983909,0.0,0.0,0.5669519
43,0.0,0.0,0.11613544,-0.022625906,0.08323571,0.022389263,-0.044409625,0.0,0.012616652,0.0,0.060245447,0.0,0.07946489,-0.012701293,-0.044936877,0.0,-0.0669602,-0.05956105,0.0129004195,0.017387925,0.0,0.0,0.0,-0.16236664,0.0,0.0,0.0,0.0,0.1812191,0.0,0.0,0.08013524,-0.06465246,0.0,0.0,0.32807863,0.0,0.01146305,0.0,0.0,0.0,0.0,0.0,0.0,0.0,0.0,0.0,-0.54614323,-0.012734933,0.039844625,0.0,0.08567946,0.0,-0.46648678,0.0,-0.008372035,0.042594925,0.0,-0.009941302,0.0,0.0,-0.0817948,0.00015651993,0.0,0.0,0.013129298,0.014610751,0.0,0.0,0.0,0.040668465,0.0,-0.1238444,0.0,0.051925022,-0.014195999,0.0,0.0,0.0,0.0,0.010403111,0.0,0.053381518,0.0,0.0,-0.0062814346,0.0,-0.0593929,-0.10041997,0.0,-0.042863864,0.0,0.0,0.0,-0.09014385,0.0,0.0,0.0,0.0,0.001646962,0.009128824,-0.088182904,0.0,0.0,0.11160874,0.0,-0.035467975,0.048803292,-0.05672152,0.016114326,0.41191947,-0.052282233,0.1083296,0.09130067,0.0,0.0,-0.41797683,0.12585686,-0.3168305,-0.40892828,0.0,0.15084587,-0.11514723,0.014592225,0.0,0.1737284,0.10473533,-0.053429954,0.041288532,-0.014936885,0.113230154,0.08281824,-0.0024611764,-0.6602787,0.060083672,-0.07280583,-0.10091895,0.15690441,0.0,0.0,0.33814645,0.08169627,0.0,-0.012836289,0.06702658,0.0,0.0,0.0,-0.0038979463,0.0,0.5333566,0.0,0.0,0.5669519
44,0.0,0.0,-0.027358592,0.038594875,-0.13078538,-0.039346546,0.079732895,0.0,-0.1231293,0.0,-0.17578629,0.0,0.31678724,-0.012701293,-0.044936877,0.0,0.13961051,0.054460533,0.144119,-0.008606646,0.0,0.0,0.0,-0.18590207,0.0,0.0,0.0,0.0,0.13016126,0.0,0.0,0.18318272,0.049402848,0.0,0.0,0.38791648,0.0,0.01146305,0.0,0.0,0.0,0.0,0.0,0.0,0.0,0.0,0.0,0.19044854,-0.06573623,0.039844625,0.0,-0.039388277,0.0,0.18430844,0.0,-0.008372035,0.042594925,0.0,-0.011663932,0.0,0.0,0.006495199,-0.0011021625,0.0,0.0,0.06524938,-0.017223308,0.0,0.0,0.0,-0.016343132,0.0,-0.01249578,0.0,0.025684519,-0.072282284,0.0,0.0,0.0,0.0,0.04032056,0.0,0.053381518,0.0,0.0,-0.010868829,0.0,0.041677948,0.07250933,0.0,0.06875784,0.0,0.0,0.0,0.013968397,0.0,0.0,0.0,0.0,-0.09717355,0.3378291,-0.0005523339,0.0,0.0,-0.039516088,0.0,0.041423652,-0.014496357,0.02928197,0.04286118,0.69853103,0.08014198,0.06723894,-0.039479464,0.0,0.0,-0.028519811,0.106779516,0.15950531,0.20195626,0.0,-0.15231717,-0.10803187,0.06181705,0.0,-0.35294086,0.60677797,-0.10073125,0.0061319354,-0.014936885,0.01591577,-0.013193909,0.1541965,0.43364733,-0.010837767,0.013761811,-0.19920711,-0.33312067,0.0,0.0,0.08663154,-0.05722913,0.0,-0.027538918,-0.22946237,0.0,0.0,0.0,-0.0049464814,0.0,-0.00012537651,0.0,0.0,0.5669519
45,0.0,0.0,0.021386938,0.0055433256,0.08499405,-0.009055776,0.050067652,0.0,0.006073787,0.0,-0.024487626,0.0,-0.13835253,0.004205814,-0.082145855,0.0,-0.041918762,0.065103225,-0.13724025,-0.052011617,0.0,0.0,0.0,-0.12824558,0.0,0.0,0.0,0.0,-0.3219231,0.0,0.0,-0.2497667,-0.025584172,0.0,0.0,-0.24700603,0.0,-0.053035885,0.0,0.0,0.0,0.0,0.0,0.0,0.0,0.0,0.0,0.006768372,-0.015515899,0.012092398,0.0,-0.15416662,0.0,-0.3430557,0.0,-0.014718313,-0.07272597,0.0,-0.022907007,0.0,0.0,-0.03098734,-0.002271927,0.0,0.0,0.013322342,0.08379342,0.0,0.0,0.0,0.060111307,0.0,0.17000383,0.0,-0.06328967,-0.017182838,0.0,0.0,0.0,0.0,-0.14039394,0.0,0.03230177,0.0,0.0,-0.0062814346,0.0,0.056176446,-0.051405687,0.0,-0.042863864,0.0,0.0,0.0,0.0020342115,0.0,0.0,0.0,0.0,0.028225642,-0.10769653,0.04064694,0.0,0.0,0.11329971,0.0,-0.035467975,-0.027094543,-0.05672152,0.016114326,0.45386913,-0.027843174,0.039481044,0.017630734,0.0,0.0,-0.42128307,0.085153624,0.07974195,0.08581289,0.0,0.15084587,0.023207795,0.014592225,0.0,0.24737242,-0.39624655,-0.043391105,0.041288532,0.016856851,0.045891065,-0.090215825,0.0065944623,0.27952728,-0.043221246,-0.0048953183,0.023692839,0.17003024,0.0,0.0,0.2648542,0.08169627,0.0,-0.012836289,0.028503357,0.0,0.0,0.0,-0.0038979463,0.0,0.6863959,0.0,0.0,0.5669519
46,0.0,0.0,0.0121793095,-0.088704646,0.07799442,0.09727938,-0.044409625,0.0,0.011448845,0.0,-0.072342016,0.0,-0.25132877,0.010778653,-0.11575724,0.0,0.14834045,-0.094434544,-0.07038386,0.017387925,0.0,0.0,0.0,-0.18906005,0.0,0.0,0.0,0.0,0.3497344,0.0,0.0,0.19161469,-0.06465246,0.0,0.0,-0.25797266,0.0,-0.022603441,0.0,0.0,0.0,0.0,0.0,0.0,0.0,0.0,0.0,-0.52321047,-0.0462033,-0.06735773,0.0,0.08567946,0.0,0.09831065,0.0,0.16763674,0.042594925,0.0,-0.009941302,0.0,0.0,0.006258679,-0.006465841,0.0,0.0,0.03057088,-0.05594498,0.0,0.0,0.0,0.032777045,0.0,-0.109474875,0.0,-0.06328967,-0.051379718,0.0,0.0,0.0,0.0,0.0144636845,0.0,-0.021511868,0.0,0.0,0.015873771,0.0,0.021330401,-0.10041997,0.0,0.06875784,0.0,0.0,0.0,-0.053687103,0.0,0.0,0.0,0.0,0.001646962,-0.16114417,0.04064694,0.0,0.0,-0.07749408,0.0,-0.06325636,0.091216214,-0.05672152,0.015065774,-0.8469316,-0.06501298,-0.067241296,-0.010361019,0.0,0.0,-0.341241,0.0626829,0.10909218,0.15967584,0.0,-0.15231717,-0.07162742,-0.020000415,0.0,-0.21900418,0.0552197,-0.04314392,-0.1979326,0.056938633,0.021477612,0.05155354,0.031298652,0.32821506,-0.10987221,0.06138037,-0.001886283,0.088128015,0.0,0.0,0.21252722,0.11345342,0.0,0.08646572,-0.024164192,0.0,0.0,0.0,-0.120736375,0.0,0.38949302,0.0,0.0,0.5669519
47,0.0,0.0,-0.14856276,-0.01274052,0.21309704,0.013294974,-0.044409625,0.0,0.045346167,0.0,0.08521642,0.0,0.1887427,-0.012701293,-0.044936877,0.0,-0.016898127,-0.07016921,-0.053659916,0.00990424,0.0,0.0,0.0,-0.09333757,0.0,0.0,0.0,0.0,0.47983846,0.0,0.0,0.08013524,-0.06465246,0.0,0.0,0.23092568,0.0,0.01146305,0.0,0.0,0.0,0.0,0.0,0.0,0.0,0.0,0.0,0.1890561,0.045755077,0.015494356,0.0,0.14725798,0.0,-0.50828165,0.0,-0.008372035,0.042594925,0.0,-0.016614547,0.0,0.0,0.027699549,0.0041985363,0.0,0.0,0.008918454,-0.017223308,0.0,0.0,0.0,0.11192727,0.0,0.16844785,0.0,0.0882304,-0.009207169,0.0,0.0,0.0,0.0,0.010403111,0.0,0.053381518,0.0,0.0,-0.010868829,0.0,0.056176446,-0.035552755,0.0,-0.042863864,0.0,0.0,0.0,-0.08483193,0.0,0.0,0.0,0.0,0.001646962,0.2604696,-0.044165995,0.0,0.0,-0.0074369833,0.0,-0.0147363,-0.014496357,0.09032931,0.016114326,0.35068965,0.058592133,0.0780156,0.09233527,0.0,0.0,0.65235627,0.106770754,0.15950531,-0.19514388,0.0,0.15084587,-0.056927517,-0.08472777,0.0,0.10956175,0.19853297,0.0831078,0.041288532,-0.014936885,-0.0147628235,-0.022449352,-0.43260872,-0.5770688,0.024862908,-0.0787264,0.019865703,-0.3423761,0.0,0.0,-0.12335567,0.02522693,0.0,-0.012836289,0.28588498,0.0,0.0,0.0,0.10333875,0.0,0.24976444,0.0,0.0,0.5669519
48,0.0,0.0,0.021386938,-0.022625906,0.09030448,-0.009055776,-0.071412556,0.0,0.045346167,0.0,0.08521642,0.0,0.24267116,-0.012701293,-0.035673883,0.0,-0.023653785,0.07848278,-0.10190053,0.059853226,0.0,0.0,0.0,-0.13050197,0.0,0.0,0.0,0.0,0.47022983,0.0,0.0,0.06466075,0.049402848,0.0,0.0,0.3091159,0.0,0.01146305,0.0,0.0,0.0,0.0,0.0,0.0,0.0,0.0,0.0,0.26958877,-0.015515899,0.039844625,0.0,-0.054742027,0.0,0.2734663,0.0,-0.008372035,0.042594925,0.0,-0.016614547,0.0,0.0,0.027699549,-0.0011021625,0.0,0.0,0.013129298,0.025796771,0.0,0.0,0.0,0.1560862,0.0,-0.032694664,0.0,0.051925022,-0.017182838,0.0,0.0,0.0,0.0,0.04032056,0.0,0.018066732,0.0,0.0,-0.040888947,0.0,-0.0593929,0.07250933,0.0,-0.042863864,0.0,0.0,0.0,0.013968397,0.0,0.0,0.0,0.0,-0.09717355,0.3763649,-0.0005523339,0.0,0.0,0.067792565,0.0,0.07635395,-0.014496357,0.054044258,0.04286118,-0.17484528,0.22070634,0.08012598,0.09130067,0.0,0.0,-0.3698728,0.15795606,0.16597688,-0.40892828,0.0,0.15084587,0.18042834,0.06181705,0.0,0.17504296,0.33893344,0.11071003,0.009967404,-0.050453424,0.05627428,-0.08346487,0.09679861,-0.34996617,0.091032654,0.24350578,0.019865703,0.07603653,0.0,0.0,-0.12081525,-0.012460876,0.0,-0.027538918,0.4250568,0.0,0.0,0.0,-0.13510028,0.0,-0.14959703,0.0,0.0,0.5669519
49,0.0,0.0,0.0357384,0.038594875,-0.2002933,-0.009055776,0.079732895,0.0,-0.1039431,0.0,-0.12842992,0.0,-0.27779767,0.010778653,0.015294106,0.0,0.18367541,-0.27195713,0.25284326,-0.052011617,0.0,0.0,0.0,0.31414142,0.0,0.0,0.0,0.0,-0.49050435,0.0,0.0,0.18318272,0.019549618,0.0,0.0,0.20237304,0.0,-0.053035885,0.0,0.0,0.0,0.0,0.0,0.0,0.0,0.0,0.0,0.071133345,-0.015515899,0.015494356,0.0,-0.039388277,0.0,0.09924893,0.0,-0.067473926,-0.07272597,0.0,-0.034141574,0.0,0.0,0.0057106144,-0.06100034,0.0,0.0,0.0913915,-0.05594498,0.0,0.0,0.0,-0.08203389,0.0,-0.011422746,0.0,0.025684519,-0.017182838,0.0,0.0,0.0,0.0,0.008351567,0.0,0.018066732,0.0,0.0,0.046570435,0.0,0.050513666,0.037118025,0.0,0.06875784,0.0,0.0,0.0,-0.023799703,0.0,0.0,0.0,0.0,-0.0040611923,-0.15192895,0.012585288,0.0,0.0,-0.25665492,0.0,0.13617559,-0.027094543,-0.030544858,0.015065774,-1.0690587,-0.04873648,-0.06284601,-0.029412672,0.0,0.0,-0.2805788,0.07813795,0.053476237,0.07805242,0.0,-0.10600631,0.12426603,0.014592225,0.0,0.21208386,-0.8668921,0.037508495,0.0061319354,-0.050453424,-0.045947313,-0.12560269,-0.29299578,0.41145265,0.10635662,0.14888418,0.034852095,0.06675345,0.0,0.0,-0.19153781,0.022364577,0.0,-0.012836289,0.3418146,0.0,0.0,0.0,-0.0038979463,0.0,-0.15212993,0.0,0.0,0.5669519
